identity_id,bostrom_addr,host_class,cpu_cores,region,dt_window_start,dt_window_end,ceim_mass_kg,ceim_mass_hex,eco_impact_score,ker_K,ker_E,ker_R,dt_sensor_trust,r_sigma_uncert,lane,karma_units,karma_hex,evidence_hex,eco_liability_units,eco_wealth_liquid,eco_wealth_restricted,ker_window_id
BOSTROM-PHX-01,bostrom18sd2ujv24ual9c9pshtxys6j8knh6xaead9ye7,EDGENODE,8,Phoenix-AZ-US,2026-04-01T00:00:00Z,2026-04-07T23:59:59Z,1200.0,0xced1a001,0.94,0.96,0.94,0.06,0.93,0.08,PROD,804.0,0xkarm001,0xevd001,0.0,600.0,204.0,PHX-Q2W1
BOSTROM-PHX-02,bostrom1ldgmtf20d6604a24ztr0jxht7xt7az4jhkmsrc,DESKTOP,16,Phoenix-AZ-US,2026-04-01T00:00:00Z,2026-04-07T23:59:59Z,850.0,0xced1a002,0.91,0.95,0.92,0.08,0.90,0.10,PROD,518.9,0xkarm002,0xevd002,0.0,380.0,138.9,PHX-Q2W1
BOSTROM-PHX-03,0x519fC0eB4111323Cac44b70e1aE31c30e405802D,LAPTOP,4,Phoenix-AZ-US,2026-04-01T00:00:00Z,2026-04-07T23:59:59Z,430.0,0xced1a003,0.88,0.93,0.89,0.11,0.87,0.13,PROD,235.5,0xkarm003,0xevd003,0.0,170.0,65.5,PHX-Q2W1
BOSTROM-PHX-04,bostrom18sd2ujv24ual9c9pshtxys6j8knh6xaead9ye7,EDGENODE,8,Phoenix-AZ-US,2026-04-01T00:00:00Z,2026-04-07T23:59:59Z,260.0,0xced1a004,0.86,0.92,0.88,0.12,0.86,0.14,EXP,149.6,0xkarm004,0xevd004,0.0,90.0,59.6,PHX-Q2W1
BOSTROM-PHX-05,zeta12x0up66pzyeretzyku8p4ccuxrjqtqpdc4y4x8,SERVER,32,Phoenix-AZ-US,2026-04-01T00:00:00Z,2026-04-07T23:59:59Z,1600.0,0xced1a005,0.95,0.97,0.95,0.05,0.94,0.07,PROD,1029.0,0xkarm005,0xevd005,0.0,800.0,229.0,PHX-Q2W1
BOSTROM-PHX-06,bostrom18sd2ujv24ual9c9pshtxys6j8knh6xaead9ye7,EDGENODE,8,Phoenix-AZ-US,2026-04-08T00:00:00Z,2026-04-14T23:59:59Z,1180.0,0xced1a006,0.93,0.96,0.94,0.06,0.92,0.08,PROD,790.5,0xkarm006,0xevd006,0.0,590.0,200.5,PHX-Q2W2
BOSTROM-PHX-07,bostrom1ldgmtf20d6604a24ztr0jxht7xt7az4jhkmsrc,DESKTOP,16,Phoenix-AZ-US,2026-04-08T00:00:00Z,2026-04-14T23:59:59Z,900.0,0xced1a007,0.92,0.95,0.93,0.07,0.91,0.09,PROD,603.0,0xkarm007,0xevd007,0.0,450.0,153.0,PHX-Q2W2
BOSTROM-PHX-08,0x519fC0eB4111323Cac44b70e1aE31c30e405802D,LAPTOP,4,Phoenix-AZ-US,2026-04-08T00:00:00Z,2026-04-14T23:59:59Z,460.0,0xced1a008,0.89,0.93,0.90,0.10,0.88,0.12,EXP,274.8,0xkarm008,0xevd008,0.0,160.0,114.8,PHX-Q2W2
BOSTROM-PHX-09,zeta12x0up66pzyeretzyku8p4ccuxrjqtqpdc4y4x8,SERVER,32,Phoenix-AZ-US,2026-04-08T00:00:00Z,2026-04-14T23:59:59Z,1500.0,0xced1a009,0.94,0.97,0.95,0.05,0.93,0.07,PROD,949.5,0xkarm009,0xevd009,0.0,720.0,229.5,PHX-Q2W2
BOSTROM-PHX-10,bostrom18sd2ujv24ual9c9pshtxys6j8knh6xaead9ye7,EDGENODE,8,Phoenix-AZ-US,2026-04-08T00:00:00Z,2026-04-14T23:59:59Z,300.0,0xced1a00a,0.87,0.92,0.88,0.12,0.86,0.14,RESEARCH,174.3,0xkarm00a,0xevd00a,10.0,90.0,84.3,PHX-Q2W2
BOSTROM-PHX-11,bostrom18sd2ujv24ual9c9pshtxys6j8knh6xaead9ye7,EDGENODE,8,Phoenix-AZ-US,2026-04-15T00:00:00Z,2026-04-21T23:59:59Z,1220.0,0xced1a00b,0.94,0.96,0.94,0.06,0.93,0.08,PROD,818.9,0xkarm00b,0xevd00b,0.0,610.0,208.9,PHX-Q2W3
BOSTROM-PHX-12,bostrom1ldgmtf20d6604a24ztr0jxht7xt7az4jhkmsrc,DESKTOP,16,Phoenix-AZ-US,2026-04-15T00:00:00Z,2026-04-21T23:59:59Z,880.0,0xced1a00c,0.91,0.95,0.92,0.08,0.90,0.10,PROD,537.0,0xkarm00c,0xevd00c,0.0,390.0,147.0,PHX-Q2W3
BOSTROM-PHX-13,0x519fC0eB4111323Cac44b70e1aE31c30e405802D,LAPTOP,4,Phoenix-AZ-US,2026-04-15T00:00:00Z,2026-04-21T23:59:59Z,420.0,0xced1a00d,0.88,0.93,0.89,0.11,0.87,0.13,EXP,230.6,0xkarm00d,0xevd00d,0.0,150.0,80.6,PHX-Q2W3
BOSTROM-PHX-14,zeta12x0up66pzyeretzyku8p4ccuxrjqtqpdc4y4x8,SERVER,32,Phoenix-AZ-US,2026-04-15T00:00:00Z,2026-04-21T23:59:59Z,1550.0,0xced1a00e,0.95,0.97,0.95,0.05,0.94,0.07,PROD,980.8,0xkarm00e,0xevd00e,0.0,740.0,240.8,PHX-Q2W3
BOSTROM-PHX-15,bostrom18sd2ujv24ual9c9pshtxys6j8knh6xaead9ye7,EDGENODE,8,Phoenix-AZ-US,2026-04-15T00:00:00Z,2026-04-21T23:59:59Z,280.0,0xced1a00f,0.86,0.92,0.88,0.12,0.86,0.14,RESEARCH,160.0,0xkarm00f,0xevd00f,12.0,85.0,75.0,PHX-Q2W3
BOSTROM-PHX-16,bostrom18sd2ujv24ual9c9pshtxys6j8knh6xaead9ye7,EDGENODE,8,Phoenix-AZ-US,2026-04-22T00:00:00Z,2026-04-28T23:59:59Z,1190.0,0xced1a010,0.93,0.96,0.94,0.06,0.92,0.08,PROD,797.4,0xkarm010,0xevd010,0.0,600.0,197.4,PHX-Q2W4
BOSTROM-PHX-17,bostrom1ldgmtf20d6604a24ztr0jxht7xt7az4jhkmsrc,DESKTOP,16,Phoenix-AZ-US,2026-04-22T00:00:00Z,2026-04-28T23:59:59Z,910.0,0xced1a011,0.92,0.95,0.93,0.07,0.91,0.09,PROD,609.8,0xkarm011,0xevd011,0.0,450.0,159.8,PHX-Q2W4
BOSTROM-PHX-18,0x519fC0eB4111323Cac44b70e1aE31c30e405802D,LAPTOP,4,Phoenix-AZ-US,2026-04-22T00:00:00Z,2026-04-28T23:59:59Z,450.0,0xced1a012,0.89,0.93,0.90,0.10,0.88,0.12,EXP,268.7,0xkarm012,0xevd012,0.0,160.0,108.7,PHX-Q2W4
BOSTROM-PHX-19,zeta12x0up66pzyeretzyku8p4ccuxrjqtqpdc4y4x8,SERVER,32,Phoenix-AZ-US,2026-04-22T00:00:00Z,2026-04-28T23:59:59Z,1520.0,0xced1a013,0.94,0.97,0.95,0.05,0.93,0.07,PROD,963.0,0xkarm013,0xevd013,0.0,730.0,233.0,PHX-Q2W4
BOSTROM-PHX-20,bostrom18sd2ujv24ual9c9pshtxys6j8knh6xaead9ye7,EDGENODE,8,Phoenix-AZ-US,2026-04-22T00:00:00Z,2026-04-28T23:59:59Z,310.0,0xced1a014,0.87,0.92,0.88,0.12,0.86,0.14,RESEARCH,186.2,0xkarm014,0xevd014,15.0,95.0,91.2,PHX-Q2W4
BOSTROM-PHX-21,bostrom18sd2ujv24ual9c9pshtxys6j8knh6xaead9ye7,EDGENODE,8,Phoenix-AZ-US,2026-04-29T00:00:00Z,2026-05-05T23:59:59Z,1210.0,0xced1a015,0.94,0.96,0.94,0.06,0.93,0.08,PROD,811.7,0xkarm015,0xevd015,0.0,610.0,201.7,PHX-Q2W5
BOSTROM-PHX-22,bostrom1ldgmtf20d6604a24ztr0jxht7xt7az4jhkmsrc,DESKTOP,16,Phoenix-AZ-US,2026-04-29T00:00:00Z,2026-05-05T23:59:59Z,890.0,0xced1a016,0.91,0.95,0.92,0.08,0.90,0.10,PROD,543.0,0xkarm016,0xevd016,0.0,395.0,148.0,PHX-Q2W5
BOSTROM-PHX-23,0x519fC0eB4111323Cac44b70e1aE31c30e405802D,LAPTOP,4,Phoenix-AZ-US,2026-04-29T00:00:00Z,2026-05-05T23:59:59Z,440.0,0xced1a017,0.88,0.93,0.89,0.11,0.87,0.13,EXP,241.4,0xkarm017,0xevd017,0.0,155.0,86.4,PHX-Q2W5
BOSTROM-PHX-24,zeta12x0up66pzyeretzyku8p4ccuxrjqtqpdc4y4x8,SERVER,32,Phoenix-AZ-US,2026-04-29T00:00:00Z,2026-05-05T23:59:59Z,1530.0,0xced1a018,0.95,0.97,0.95,0.05,0.94,0.07,PROD,969.0,0xkarm018,0xevd018,0.0,735.0,234.0,PHX-Q2W5
BOSTROM-PHX-25,bostrom18sd2ujv24ual9c9pshtxys6j8knh6xaead9ye7,EDGENODE,8,Phoenix-AZ-US,2026-04-29T00:00:00Z,2026-05-05T23:59:59Z,290.0,0xced1a019,0.86,0.92,0.88,0.12,0.86,0.14,RESEARCH,166.9,0xkarm019,0xevd019,18.0,80.0,86.9,PHX-Q2W5
BOSTROM-PHX-26,bostrom18sd2ujv24ual9c9pshtxys6j8knh6xaead9ye7,EDGENODE,8,Phoenix-AZ-US,2026-05-06T00:00:00Z,2026-05-12T23:59:59Z,1185.0,0xced1a01a,0.93,0.96,0.94,0.06,0.92,0.08,PROD,793.9,0xkarm01a,0xevd01a,0.0,595.0,198.9,PHX-Q2W6
BOSTROM-PHX-27,bostrom1ldgmtf20d6604a24ztr0jxht7xt7az4jhkmsrc,DESKTOP,16,Phoenix-AZ-US,2026-05-06T00:00:00Z,2026-05-12T23:59:59Z,905.0,0xced1a01b,0.92,0.95,0.93,0.07,0.91,0.09,PROD,607.0,0xkarm01b,0xevd01b,0.0,450.0,157.0,PHX-Q2W6
BOSTROM-PHX-28,0x519fC0eB4111323Cac44b70e1aE31c30e405802D,LAPTOP,4,Phoenix-AZ-US,2026-05-06T00:00:00Z,2026-05-12T23:59:59Z,455.0,0xced1a01c,0.89,0.93,0.90,0.10,0.88,0.12,EXP,265.0,0xkarm01c,0xevd01c,0.0,160.0,105.0,PHX-Q2W6
BOSTROM-PHX-29,zeta12x0up66pzyeretzyku8p4ccuxrjqtqpdc4y4x8,SERVER,32,Phoenix-AZ-US,2026-05-06T00:00:00Z,2026-05-12T23:59:59Z,1515.0,0xced1a01d,0.94,0.97,0.95,0.05,0.93,0.07,PROD,960.5,0xkarm01d,0xevd01d,0.0,730.0,230.5,PHX-Q2W6
BOSTROM-PHX-30,bostrom18sd2ujv24ual9c9pshtxys6j8knh6xaead9ye7,EDGENODE,8,Phoenix-AZ-US,2026-05-06T00:00:00Z,2026-05-12T23:59:59Z,305.0,0xced1a01e,0.87,0.92,0.88,0.12,0.86,0.14,RESEARCH,183.0,0xkarm01e,0xevd01e,20.0,90.0,93.0,PHX-Q2W6
BOSTROM-PHX-31,bostrom18sd2ujv24ual9c9pshtxys6j8knh6xaead9ye7,EDGENODE,8,Phoenix-AZ-US,2026-05-13T00:00:00Z,2026-05-19T23:59:59Z,1205.0,0xced1a01f,0.94,0.96,0.94,0.06,0.93,0.08,PROD,806.4,0xkarm01f,0xevd01f,0.0,605.0,201.4,PHX-Q2W7
BOSTROM-PHX-32,bostrom1ldgmtf20d6604a24ztr0jxht7xt7az4jhkmsrc,DESKTOP,16,Phoenix-AZ-US,2026-05-13T00:00:00Z,2026-05-19T23:59:59Z,895.0,0xced1a020,0.91,0.95,0.92,0.08,0.90,0.10,PROD,546.0,0xkarm020,0xevd020,0.0,395.0,151.0,PHX-Q2W7
BOSTROM-PHX-33,0x519fC0eB4111323Cac44b70e1aE31c30e405802D,LAPTOP,4,Phoenix-AZ-US,2026-05-13T00:00:00Z,2026-05-19T23:59:59Z,435.0,0xced1a021,0.88,0.93,0.89,0.11,0.87,0.13,EXP,239.0,0xkarm021,0xevd021,0.0,150.0,89.0,PHX-Q2W7
BOSTROM-PHX-34,zeta12x0up66pzyeretzyku8p4ccuxrjqtqpdc4y4x8,SERVER,32,Phoenix-AZ-US,2026-05-13T00:00:00Z,2026-05-19T23:59:59Z,1545.0,0xced1a022,0.95,0.97,0.95,0.05,0.94,0.07,PROD,978.1,0xkarm022,0xevd022,0.0,740.0,238.1,PHX-Q2W7
BOSTROM-PHX-35,bostrom18sd2ujv24ual9c9pshtxys6j8knh6xaead9ye7,EDGENODE,8,Phoenix-AZ-US,2026-05-13T00:00:00Z,2026-05-19T23:59:59Z,295.0,0xced1a023,0.86,0.92,0.88,0.12,0.86,0.14,RESEARCH,169.8,0xkarm023,0xevd023,22.0,85.0,84.8,PHX-Q2W7
BOSTROM-PHX-36,bostrom18sd2ujv24ual9c9pshtxys6j8knh6xaead9ye7,EDGENODE,8,Phoenix-AZ-US,2026-05-20T00:00:00Z,2026-05-26T23:59:59Z,1195.0,0xced1a024,0.93,0.96,0.94,0.06,0.92,0.08,PROD,800.5,0xkarm024,0xevd024,0.0,600.0,200.5,PHX-Q2W8
BOSTROM-PHX-37,bostrom1ldgmtf20d6604a24ztr0jxht7xt7az4jhkmsrc,DESKTOP,16,Phoenix-AZ-US,2026-05-20T00:00:00Z,2026-05-26T23:59:59Z,900.0,0xced1a025,0.92,0.95,0.93,0.07,0.91,0.09,PROD,603.0,0xkarm025,0xevd025,0.0,450.0,153.0,PHX-Q2W8
BOSTROM-PHX-38,0x519fC0eB4111323Cac44b70e1aE31c30e405802D,LAPTOP,4,Phoenix-AZ-US,2026-05-20T00:00:00Z,2026-05-26T23:59:59Z,460.0,0xced1a026,0.89,0.93,0.90,0.10,0.88,0.12,EXP,268.7,0xkarm026,0xevd026,0.0,160.0,108.7,PHX-Q2W8
BOSTROM-PHX-39,zeta12x0up66pzyeretzyku8p4ccuxrjqtqpdc4y4x8,SERVER,32,Phoenix-AZ-US,2026-05-20T00:00:00Z,2026-05-26T23:59:59Z,1525.0,0xced1a027,0.94,0.97,0.95,0.05,0.93,0.07,PROD,966.3,0xkarm027,0xevd027,0.0,735.0,231.3,PHX-Q2W8
BOSTROM-PHX-40,bostrom18sd2ujv24ual9c9pshtxys6j8knh6xaead9ye7,EDGENODE,8,Phoenix-AZ-US,2026-05-20T00:00:00Z,2026-05-26T23:59:59Z,315.0,0xced1a028,0.87,0.92,0.88,0.12,0.86,0.14,RESEARCH,189.1,0xkarm028,0xevd028,24.0,95.0,94.1,PHX-Q2W8
BOSTROM-PHX-41,bostrom18sd2ujv24ual9c9pshtxys6j8knh6xaead9ye7,EDGENODE,8,Phoenix-AZ-US,2026-05-27T00:00:00Z,2026-06-02T23:59:59Z,1215.0,0xced1a029,0.94,0.96,0.94,0.06,0.93,0.08,PROD,814.4,0xkarm029,0xevd029,0.0,610.0,204.4,PHX-Q2W9
BOSTROM-PHX-42,bostrom1ldgmtf20d6604a24ztr0jxht7xt7az4jhkmsrc,DESKTOP,16,Phoenix-AZ-US,2026-05-27T00:00:00Z,2026-06-02T23:59:59Z,905.0,0xced1a02a,0.91,0.95,0.92,0.08,0.90,0.10,PROD,549.0,0xkarm02a,0xevd02a,0.0,400.0,149.0,PHX-Q2W9
BOSTROM-PHX-43,0x519fC0eB4111323Cac44b70e1aE31c30e405802D,LAPTOP,4,Phoenix-AZ-US,2026-05-27T00:00:00Z,2026-06-02T23:59:59Z,445.0,0xced1a02b,0.88,0.93,0.89,0.11,0.87,0.13,EXP,244.4,0xkarm02b,0xevd02b,0.0,155.0,89.4,PHX-Q2W9
BOSTROM-PHX-44,zeta12x0up66pzyeretzyku8p4ccuxrjqtqpdc4y4x8,SERVER,32,Phoenix-AZ-US,2026-05-27T00:00:00Z,2026-06-02T23:59:59Z,1555.0,0xced1a02c,0.95,0.97,0.95,0.05,0.94,0.07,PROD,984.1,0xkarm02c,0xevd02c,0.0,745.0,239.1,PHX-Q2W9
BOSTROM-PHX-45,bostrom18sd2ujv24ual9c9pshtxys6j8knh6xaead9ye7,EDGENODE,8,Phoenix-AZ-US,2026-05-27T00:00:00Z,2026-06-02T23:59:59Z,300.0,0xced1a02d,0.86,0.92,0.88,0.12,0.86,0.14,RESEARCH,171.9,0xkarm02d,0xevd02d,25.0,85.0,86.9,PHX-Q2W9
BOSTROM-PHX-46,bostrom18sd2ujv24ual9c9pshtxys6j8knh6xaead9ye7,EDGENODE,8,Phoenix-AZ-US,2026-06-03T00:00:00Z,2026-06-09T23:59:59Z,1200.0,0xced1a02e,0.93,0.96,0.94,0.06,0.92,0.08,PROD,804.0,0xkarm02e,0xevd02e,0.0,600.0,204.0,PHX-Q2W10
BOSTROM-PHX-47,bostrom1ldgmtf20d6604a24ztr0jxht7xt7az4jhkmsrc,DESKTOP,16,Phoenix-AZ-US,2026-06-03T00:00:00Z,2026-06-09T23:59:59Z,910.0,0xced1a02f,0.92,0.95,0.93,0.07,0.91,0.09,PROD,609.8,0xkarm02f,0xevd02f,0.0,455.0,154.8,PHX-Q2W10
BOSTROM-PHX-48,0x519fC0eB4111323Cac44b70e1aE31c30e405802D,LAPTOP,4,Phoenix-AZ-US,2026-06-03T00:00:00Z,2026-06-09T23:59:59Z,455.0,0xced1a030,0.89,0.93,0.90,0.10,0.88,0.12,EXP,265.0,0xkarm030,0xevd030,0.0,165.0,100.0,PHX-Q2W10
BOSTROM-PHX-49,zeta12x0up66pzyeretzyku8p4ccuxrjqtqpdc4y4x8,SERVER,32,Phoenix-AZ-US,2026-06-03T00:00:00Z,2026-06-09T23:59:59Z,1520.0,0xced1a031,0.94,0.97,0.95,0.05,0.93,0.07,PROD,963.0,0xkarm031,0xevd031,0.0,735.0,228.0,PHX-Q2W10
BOSTROM-PHX-50,bostrom18sd2ujv24ual9c9pshtxys6j8knh6xaead9ye7,EDGENODE,8,Phoenix-AZ-US,2026-06-03T00:00:00Z,2026-06-09T23:59:59Z,310.0,0xced1a032,0.87,0.92,0.88,0.12,0.86,0.14,RESEARCH,183.0,0xkarm032,0xevd032,26.0,90.0,93.0,PHX-Q2W10
BOSTROM-PHX-51,bostrom18sd2ujv24ual9c9pshtxys6j8knh6xaead9ye7,EDGENODE,8,Phoenix-AZ-US,2026-06-10T00:00:00Z,2026-06-16T23:59:59Z,1210.0,0xced1a033,0.94,0.96,0.94,0.06,0.93,0.08,PROD,811.7,0xkarm033,0xevd033,0.0,610.0,201.7,PHX-Q2W11
BOSTROM-PHX-52,bostrom1ldgmtf20d6604a24ztr0jxht7xt7az4jhkmsrc,DESKTOP,16,Phoenix-AZ-US,2026-06-10T00:00:00Z,2026-06-16T23:59:59Z,895.0,0xced1a034,0.91,0.95,0.92,0.08,0.90,0.10,PROD,546.0,0xkarm034,0xevd034,0.0,400.0,146.0,PHX-Q2W11
BOSTROM-PHX-53,0x519fC0eB4111323Cac44b70e1aE31c30e405802D,LAPTOP,4,Phoenix-AZ-US,2026-06-10T00:00:00Z,2026-06-16T23:59:59Z,440.0,0xced1a035,0.88,0.93,0.89,0.11,0.87,0.13,EXP,241.4,0xkarm035,0xevd035,0.0,155.0,86.4,PHX-Q2W11
BOSTROM-PHX-54,zeta12x0up66pzyeretzyku8p4ccuxrjqtqpdc4y4x8,SERVER,32,Phoenix-AZ-US,2026-06-10T00:00:00Z,2026-06-16T23:59:59Z,1535.0,0xced1a036,0.95,0.97,0.95,0.05,0.94,0.07,PROD,972.9,0xkarm036,0xevd036,0.0,745.0,227.9,PHX-Q2W11
BOSTROM-PHX-55,bostrom18sd2ujv24ual9c9pshtxys6j8knh6xaead9ye7,EDGENODE,8,Phoenix-AZ-US,2026-06-10T00:00:00Z,2026-06-16T23:59:59Z,300.0,0xced1a037,0.86,0.92,0.88,0.12,0.86,0.14,RESEARCH,171.9,0xkarm037,0xevd037,28.0,85.0,86.9,PHX-Q2W11
BOSTROM-PHX-56,bostrom18sd2ujv24ual9c9pshtxys6j8knh6xaead9ye7,EDGENODE,8,Phoenix-AZ-US,2026-06-17T00:00:00Z,2026-06-23T23:59:59Z,1190.0,0xced1a038,0.93,0.96,0.94,0.06,0.92,0.08,PROD,797.4,0xkarm038,0xevd038,0.0,595.0,202.4,PHX-Q2W12
BOSTROM-PHX-57,bostrom1ldgmtf20d6604a24ztr0jxht7xt7az4jhkmsrc,DESKTOP,16,Phoenix-AZ-US,2026-06-17T00:00:00Z,2026-06-23T23:59:59Z,905.0,0xced1a039,0.92,0.95,0.93,0.07,0.91,0.09,PROD,607.0,0xkarm039,0xevd039,0.0,450.0,157.0,PHX-Q2W12
BOSTROM-PHX-58,0x519fC0eB4111323Cac44b70e1aE31c30e405802D,LAPTOP,4,Phoenix-AZ-US,2026-06-17T00:00:00Z,2026-06-23T23:59:59Z,455.0,0xced1a03a,0.89,0.93,0.90,0.10,0.88,0.12,EXP,265.0,0xkarm03a,0xevd03a,0.0,160.0,105.0,PHX-Q2W12
BOSTROM-PHX-59,zeta12x0up66pzyeretzyku8p4ccuxrjqtqpdc4y4x8,SERVER,32,Phoenix-AZ-US,2026-06-17T00:00:00Z,2026-06-23T23:59:59Z,1510.0,0xced1a03b,0.94,0.97,0.95,0.05,0.93,0.07,PROD,957.7,0xkarm03b,0xevd03b,0.0,730.0,227.7,PHX-Q2W12
BOSTROM-PHX-60,bostrom18sd2ujv24ual9c9pshtxys6j8knh6xaead9ye7,EDGENODE,8,Phoenix-AZ-US,2026-06-17T00:00:00Z,2026-06-23T23:59:59Z,310.0,0xced1a03c,0.87,0.92,0.88,0.12,0.86,0.14,RESEARCH,183.0,0xkarm03c,0xevd03c,30.0,90.0,93.0,PHX-Q2W12
BOSTROM-PHX-61,bostrom18sd2ujv24ual9c9pshtxys6j8knh6xaead9ye7,EDGENODE,8,Phoenix-AZ-US,2026-06-24T00:00:00Z,2026-06-30T23:59:59Z,1205.0,0xced1a03d,0.94,0.96,0.94,0.06,0.93,0.08,PROD,806.4,0xkarm03d,0xevd03d,0.0,605.0,201.4,PHX-Q2W13
BOSTROM-PHX-62,bostrom1ldgmtf20d6604a24ztr0jxht7xt7az4jhkmsrc,DESKTOP,16,Phoenix-AZ-US,2026-06-24T00:00:00Z,2026-06-30T23:59:59Z,890.0,0xced1a03e,0.91,0.95,0.92,0.08,0.90,0.10,PROD,543.0,0xkarm03e,0xevd03e,0.0,400.0,143.0,PHX-Q2W13
BOSTROM-PHX-63,0x519fC0eB4111323Cac44b70e1aE31c30e405802D,LAPTOP,4,Phoenix-AZ-US,2026-06-24T00:00:00Z,2026-06-30T23:59:59Z,440.0,0xced1a03f,0.88,0.93,0.89,0.11,0.87,0.13,EXP,241.4,0xkarm03f,0xevd03f,0.0,155.0,86.4,PHX-Q2W13
BOSTROM-PHX-64,zeta12x0up66pzyeretzyku8p4ccuxrjqtqpdc4y4x8,SERVER,32,Phoenix-AZ-US,2026-06-24T00:00:00Z,2026-06-30T23:59:59Z,1530.0,0xced1a040,0.95,0.97,0.95,0.05,0.94,0.07,PROD,969.0,0xkarm040,0xevd040,0.0,745.0,224.0,PHX-Q2W13
BOSTROM-PHX-65,bostrom18sd2ujv24ual9c9pshtxys6j8knh6xaead9ye7,EDGENODE,8,Phoenix-AZ-US,2026-06-24T00:00:00Z,2026-06-30T23:59:59Z,300.0,0xced1a041,0.86,0.92,0.88,0.12,0.86,0.14,RESEARCH,171.9,0xkarm041,0xevd041,31.0,85.0,86.9,PHX-Q2W13
BOSTROM-PHX-66,bostrom18sd2ujv24ual9c9pshtxys6j8knh6xaead9ye7,EDGENODE,8,Phoenix-AZ-US,2026-07-01T00:00:00Z,2026-07-07T23:59:59Z,1195.0,0xced1a042,0.93,0.96,0.94,0.06,0.92,0.08,PROD,800.5,0xkarm042,0xevd042,0.0,600.0,200.5,PHX-Q2W14
BOSTROM-PHX-67,bostrom1ldgmtf20d6604a24ztr0jxht7xt7az4jhkmsrc,DESKTOP,16,Phoenix-AZ-US,2026-07-01T00:00:00Z,2026-07-07T23:59:59Z,905.0,0xced1a043,0.92,0.95,0.93,0.07,0.91,0.09,PROD,607.0,0xkarm043,0xevd043,0.0,455.0,152.0,PHX-Q2W14
BOSTROM-PHX-68,0x519fC0eB4111323Cac44b70e1aE31c30e405802D,LAPTOP,4,Phoenix-AZ-US,2026-07-01T00:00:00Z,2026-07-07T23:59:59Z,455.0,0xced1a044,0.89,0.93,0.90,0.10,0.88,0.12,EXP,265.0,0xkarm044,0xevd044,0.0,165.0,100.0,PHX-Q2W14
BOSTROM-PHX-69,zeta12x0up66pzyeretzyku8p4ccuxrjqtqpdc4y4x8,SERVER,32,Phoenix-AZ-US,2026-07-01T00:00:00Z,2026-07-07T23:59:59Z,1515.0,0xced1a045,0.94,0.97,0.95,0.05,0.93,0.07,PROD,960.5,0xkarm045,0xevd045,0.0,735.0,225.5,PHX-Q2W14
BOSTROM-PHX-70,bostrom18sd2ujv24ual9c9pshtxys6j8knh6xaead9ye7,EDGENODE,8,Phoenix-AZ-US,2026-07-01T00:00:00Z,2026-07-07T23:59:59Z,310.0,0xced1a046,0.87,0.92,0.88,0.12,0.86,0.14,RESEARCH,183.0,0xkarm046,0xevd046,32.0,90.0,93.0,PHX-Q2W14
BOSTROM-PHX-71,bostrom18sd2ujv24ual9c9pshtxys6j8knh6xaead9ye7,EDGENODE,8,Phoenix-AZ-US,2026-07-08T00:00:00Z,2026-07-14T23:59:59Z,1200.0,0xced1a047,0.94,0.96,0.94,0.06,0.93,0.08,PROD,804.0,0xkarm047,0xevd047,0.0,605.0,199.0,PHX-Q2W15
BOSTROM-PHX-72,bostrom1ldgmtf20d6604a24ztr0jxht7xt7az4jhkmsrc,DESKTOP,16,Phoenix-AZ-US,2026-07-08T00:00:00Z,2026-07-14T23:59:59Z,910.0,0xced1a048,0.91,0.95,0.92,0.08,0.90,0.10,PROD,549.0,0xkarm048,0xevd048,0.0,400.0,149.0,PHX-Q2W15
BOSTROM-PHX-73,0x519fC0eB4111323Cac44b70e1aE31c30e405802D,LAPTOP,4,Phoenix-AZ-US,2026-07-08T00:00:00Z,2026-07-14T23:59:59Z,450.0,0xced1a049,0.88,0.93,0.89,0.11,0.87,0.13,EXP,244.4,0xkarm049,0xevd049,0.0,155.0,89.4,PHX-Q2W15
BOSTROM-PHX-74,zeta12x0up66pzyeretzyku8p4ccuxrjqtqpdc4y4x8,SERVER,32,Phoenix-AZ-US,2026-07-08T00:00:00Z,2026-07-14T23:59:59Z,1540.0,0xced1a04a,0.95,0.97,0.95,0.05,0.94,0.07,PROD,975.3,0xkarm04a,0xevd04a,0.0,745.0,230.3,PHX-Q2W15
BOSTROM-PHX-75,bostrom18sd2ujv24ual9c9pshtxys6j8knh6xaead9ye7,EDGENODE,8,Phoenix-AZ-US,2026-07-08T00:00:00Z,2026-07-14T23:59:59Z,295.0,0xced1a04b,0.86,0.92,0.88,0.12,0.86,0.14,RESEARCH,171.9,0xkarm04b,0xevd04b,33.0,85.0,86.9,PHX-Q2W15
BOSTROM-PHX-76,bostrom18sd2ujv24ual9c9pshtxys6j8knh6xaead9ye7,EDGENODE,8,Phoenix-AZ-US,2026-07-15T00:00:00Z,2026-07-21T23:59:59Z,1190.0,0xced1a04c,0.93,0.96,0.94,0.06,0.92,0.08,PROD,797.4,0xkarm04c,0xevd04c,0.0,595.0,202.4,PHX-Q2W16
BOSTROM-PHX-77,bostrom1ldgmtf20d6604a24ztr0jxht7xt7az4jhkmsrc,DESKTOP,16,Phoenix-AZ-US,2026-07-15T00:00:00Z,2026-07-21T23:59:59Z,900.0,0xced1a04d,0.92,0.95,0.93,0.07,0.91,0.09,PROD,603.0,0xkarm04d,0xevd04d,0.0,455.0,148.0,PHX-Q2W16
BOSTROM-PHX-78,0x519fC0eB4111323Cac44b70e1aE31c30e405802D,LAPTOP,4,Phoenix-AZ-US,2026-07-15T00:00:00Z,2026-07-21T23:59:59Z,455.0,0xced1a04e,0.89,0.93,0.90,0.10,0.88,0.12,EXP,265.0,0xkarm04e,0xevd04e,0.0,165.0,100.0,PHX-Q2W16
BOSTROM-PHX-79,zeta12x0up66pzyeretzyku8p4ccuxrjqtqpdc4y4x8,SERVER,32,Phoenix-AZ-US,2026-07-15T00:00:00Z,2026-07-21T23:59:59Z,1510.0,0xced1a04f,0.94,0.97,0.95,0.05,0.93,0.07,PROD,957.7,0xkarm04f,0xevd04f,0.0,735.0,222.7,PHX-Q2W16
BOSTROM-PHX-80,bostrom18sd2ujv24ual9c9pshtxys6j8knh6xaead9ye7,EDGENODE,8,Phoenix-AZ-US,2026-07-15T00:00:00Z,2026-07-21T23:59:59Z,310.0,0xced1a050,0.87,0.92,0.88,0.12,0.86,0.14,RESEARCH,183.0,0xkarm050,0xevd050,34.0,90.0,93.0,PHX-Q2W16
BOSTROM-PHX-81,bostrom18sd2ujv24ual9c9pshtxys6j8knh6xaead9ye7,EDGENODE,8,Phoenix-AZ-US,2026-07-22T00:00:00Z,2026-07-28T23:59:59Z,1200.0,0xced1a051,0.94,0.96,0.94,0.06,0.93,0.08,PROD,804.0,0xkarm051,0xevd051,0.0,605.0,199.0,PHX-Q2W17
BOSTROM-PHX-82,bostrom1ldgmtf20d6604a24ztr0jxht7xt7az4jhkmsrc,DESKTOP,16,Phoenix-AZ-US,2026-07-22T00:00:00Z,2026-07-28T23:59:59Z,905.0,0xced1a052,0.91,0.95,0.92,0.08,0.90,0.10,PROD,549.0,0xkarm052,0xevd052,0.0,400.0,149.0,PHX-Q2W17
BOSTROM-PHX-83,0x519fC0eB4111323Cac44b70e1aE31c30e405802D,LAPTOP,4,Phoenix-AZ-US,2026-07-22T00:00:00Z,2026-07-28T23:59:59Z,445.0,0xced1a053,0.88,0.93,0.89,0.11,0.87,0.13,EXP,244.4,0xkarm053,0xevd053,0.0,155.0,89.4,PHX-Q2W17
BOSTROM-PHX-84,zeta12x0up66pzyeretzyku8p4ccuxrjqtqpdc4y4x8,SERVER,32,Phoenix-AZ-US,2026-07-22T00:00:00Z,2026-07-28T23:59:59Z,1550.0,0xced1a054,0.95,0.97,0.95,0.05,0.94,0.07,PROD,981.5,0xkarm054,0xevd054,0.0,745.0,236.5,PHX-Q2W17
BOSTROM-PHX-85,bostrom18sd2ujv24ual9c9pshtxys6j8knh6xaead9ye7,EDGENODE,8,Phoenix-AZ-US,2026-07-22T00:00:00Z,2026-07-28T23:59:59Z,300.0,0xced1a055,0.86,0.92,0.88,0.12,0.86,0.14,RESEARCH,171.9,0xkarm055,0xevd055,35.0,85.0,86.9,PHX-Q2W17
BOSTROM-PHX-86,bostrom18sd2ujv24ual9c9pshtxys6j8knh6xaead9ye7,EDGENODE,8,Phoenix-AZ-US,2026-07-29T00:00:00Z,2026-08-04T23:59:59Z,1190.0,0xced1a056,0.93,0.96,0.94,0.06,0.92,0.08,PROD,797.4,0xkarm056,0xevd056,0.0,595.0,202.4,PHX-Q2W18
BOSTROM-PHX-87,bostrom1ldgmtf20d6604a24ztr0jxht7xt7az4jhkmsrc,DESKTOP,16,Phoenix-AZ-US,2026-07-29T00:00:00Z,2026-08-04T23:59:59Z,900.0,0xced1a057,0.92,0.95,0.93,0.07,0.91,0.09,PROD,603.0,0xkarm057,0xevd057,0.0,455.0,148.0,PHX-Q2W18
BOSTROM-PHX-88,0x519fC0eB4111323Cac44b70e1aE31c30e405802D,LAPTOP,4,Phoenix-AZ-US,2026-07-29T00:00:00Z,2026-08-04T23:59:59Z,455.0,0xced1a058,0.89,0.93,0.90,0.10,0.88,0.12,EXP,265.0,0xkarm058,0xevd058,0.0,165.0,100.0,PHX-Q2W18
BOSTROM-PHX-89,zeta12x0up66pzyeretzyku8p4ccuxrjqtqpdc4y4x8,SERVER,32,Phoenix-AZ-US,2026-07-29T00:00:00Z,2026-08-04T23:59:59Z,1510.0,0xced1a059,0.94,0.97,0.95,0.05,0.93,0.07,PROD,957.7,0xkarm059,0xevd059,0.0,735.0,222.7,PHX-Q2W18
BOSTROM-PHX-90,bostrom18sd2ujv24ual9c9pshtxys6j8knh6xaead9ye7,EDGENODE,8,Phoenix-AZ-US,2026-07-29T00:00:00Z,2026-08-04T23:59:59Z,310.0,0xced1a05a,0.87,0.92,0.88,0.12,0.86,0.14,RESEARCH,183.0,0xkarm05a,0xevd05a,36.0,90.0,93.0,PHX-Q2W18
BOSTROM-PHX-91,bostrom18sd2ujv24ual9c9pshtxys6j8knh6xaead9ye7,EDGENODE,8,Phoenix-AZ-US,2026-08-05T00:00:00Z,2026-08-11T23:59:59Z,1200.0,0xced1a05b,0.94,0.96,0.94,0.06,0.93,0.08,PROD,804.0,0xkarm05b,0xevd05b,0.0,605.0,199.0,PHX-Q2W19
BOSTROM-PHX-92,bostrom1ldgmtf20d6604a24ztr0jxht7xt7az4jhkmsrc,DESKTOP,16,Phoenix-AZ-US,2026-08-05T00:00:00Z,2026-08-11T23:59:59Z,905.0,0xced1a05c,0.91,0.95,0.92,0.08,0.90,0.10,PROD,549.0,0xkarm05c,0xevd05c,0.0,400.0,149.0,PHX-Q2W19
BOSTROM-PHX-93,0x519fC0eB4111323Cac44b70e1aE31c30e405802D,LAPTOP,4,Phoenix-AZ-US,2026-08-05T00:00:00Z,2026-08-11T23:59:59Z,450.0,0xced1a05d,0.88,0.93,0.89,0.11,0.87,0.13,EXP,244.4,0xkarm05d,0xevd05d,0.0,155.0,89.4,PHX-Q2W19
BOSTROM-PHX-94,zeta12x0up66pzyeretzyku8p4ccuxrjqtqpdc4y4x8,SERVER,32,Phoenix-AZ-US,2026-08-05T00:00:00Z,2026-08-11T23:59:59Z,1545.0,0xced1a05e,0.95,0.97,0.95,0.05,0.94,0.07,PROD,978.1,0xkarm05e,0xevd05e,0.0,745.0,233.1,PHX-Q2W19
BOSTROM-PHX-95,bostrom18sd2ujv24ual9c9pshtxys6j8knh6xaead9ye7,EDGENODE,8,Phoenix-AZ-US,2026-08-05T00:00:00Z,2026-08-11T23:59:59Z,300.0,0xced1a05f,0.86,0.92,0.88,0.12,0.86,0.14,RESEARCH,171.9,0xkarm05f,0xevd05f,37.0,85.0,86.9,PHX-Q2W19
BOSTROM-PHX-96,bostrom18sd2ujv24ual9c9pshtxys6j8knh6xaead9ye7,EDGENODE,8,Phoenix-AZ-US,2026-08-12T00:00:00Z,2026-08-18T23:59:59Z,1195.0,0xced1a060,0.93,0.96,0.94,0.06,0.92,0.08,PROD,800.5,0xkarm060,0xevd060,0.0,595.0,205.5,PHX-Q2W20
BOSTROM-PHX-97,bostrom1ldgmtf20d6604a24ztr0jxht7xt7az4jhkmsrc,DESKTOP,16,Phoenix-AZ-US,2026-08-12T00:00:00Z,2026-08-18T23:59:59Z,900.0,0xced1a061,0.92,0.95,0.93,0.07,0.91,0.09,PROD,603.0,0xkarm061,0xevd061,0.0,455.0,148.0,PHX-Q2W20
BOSTROM-PHX-98,0x519fC0eB4111323Cac44b70e1aE31c30e405802D,LAPTOP,4,Phoenix-AZ-US,2026-08-12T00:00:00Z,2026-08-18T23:59:59Z,455.0,0xced1a062,0.89,0.93,0.90,0.10,0.88,0.12,EXP,265.0,0xkarm062,0xevd062,0.0,165.0,100.0,PHX-Q2W20
BOSTROM-PHX-99,zeta12x0up66pzyeretzyku8p4ccuxrjqtqpdc4y4x8,SERVER,32,Phoenix-AZ-US,2026-08-12T00:00:00Z,2026-08-18T23:59:59Z,1510.0,0xced1a063,0.94,0.97,0.95,0.05,0.93,0.07,PROD,957.7,0xkarm063,0xevd063,0.0,735.0,222.7,PHX-Q2W20
